source_id,short_title,full_title,author,publication_year,source_type,file_name,notes
S0001,Alvandi 2018,Gharagozloos and Their Role in the Social and Political History of Hamadan,Reza Alvandi,1397 SH / 2018,book,The Book Gharagozloos.pdf,Primary project source. Persian title: قراگوزلوها و نقش آنان در تاریخ اجتماعی و سیاسی همدان
U0001,User family testimony,Family information supplied and corrected by Hossein Gholi Amiri Gharagozloo,Hossein Gholi Amiri Gharagozloo,,oral_history,,Use for modern family links and corrections; keep distinct from published evidence.
BIB0001,تمامیان پرواند)۹۸۳۱(.ایران بین دو ،انقلاب ترجمه احمدگل محمدی و محمد ابراهیم فتاحی ،تهران ش,تمامیان پرواند)۹۸۳۱(.ایران بین دو ،انقلاب ترجمه احمدگل محمدی و محمد ابراهیم فتاحی ،تهران شرقی,,,bibliography_books,,Cataloged from pp. 189-198 of S0001; raw Persian entry retained pending authority normalization.
BIB0002,ربیت فریدون ( ،)۵۵۳۱ایدئولوژی نهضت مشروطیت ایران تهران نشر پیام ره حسین (.گردآورنده)()٩٦٣١,ربیت فریدون ( ،)۵۵۳۱ایدئولوژی نهضت مشروطیت ایران تهران نشر پیام ره حسین (.گردآورنده)()٩٦٣١تاریخ جنگهای ایران و ،روس یادداشت های میرزا محمد صادق وقایعنگار مروزی آهنگ سروش) ،مصحح امیر هوشنگ آذر ،تهران ،نشر مصحح. صف ،محمدهاشم.)٢٥٣١(.رستمالتواریخ ،تصحیح محمد مشیری ،تهران ،امیرکبیر,,,bibliography_books,,Cataloged from pp. 189-198 of S0001; raw Persian entry retained pending authority normalization.
BIB0003,آوری ،پیتر ( ،)۹۶۳۱تاریخ معاصر ایران ترجمه محمدرفیع مهرآبادی ،تهران ،بیجا. بنخلدون ،عبدالر,آوری ،پیتر ( ،)۹۶۳۱تاریخ معاصر ایران ترجمه محمدرفیع مهرآبادی ،تهران ،بیجا. بنخلدون ،عبدالرحمان (.)٥٤٣١مقدمه ،ترجمه محمد پروین گنابادی تهران بنگاه ترجمه و نشر کتاب,,,bibliography_books,,Cataloged from pp. 189-198 of S0001; raw Persian entry retained pending authority normalization.
BIB0004,اذکایی ،پرویز (بی تا)دستنوشتههای تاریخ معاصر همدان ،همدان سازمان اسناد و کتابخانه ملی غرب ,اذکایی ،پرویز (بی تا)دستنوشتههای تاریخ معاصر همدان ،همدان سازمان اسناد و کتابخانه ملی غرب کشور,,,bibliography_books,,Cataloged from pp. 189-198 of S0001; raw Persian entry retained pending authority normalization.
BIB0005,اذکایی ،پرویز ( ،)۵۸۳۱فرهنگ مردم همدان همدان انتشارات دانشگاه بوعلی سینا. اشرف ،احمد ()١٦٣,اذکایی ،پرویز ( ،)۵۸۳۱فرهنگ مردم همدان همدان انتشارات دانشگاه بوعلی سینا. اشرف ،احمد ()١٦٣١دهقان ،زمین ،انقلاب مسائل ارضی و دهقانی ،تهران ،انتشارات آگاه,,,bibliography_books,,Cataloged from pp. 189-198 of S0001; raw Persian entry retained pending authority normalization.
BIB0006,اصفهانیان کریم و دیگران گردآورندگان)( ،)۵۸۳۱اسناد تاریخی خاندان غفاری ،تهران ،بنیاد موقوفا,اصفهانیان کریم و دیگران گردآورندگان)( ،)۵۸۳۱اسناد تاریخی خاندان غفاری ،تهران ،بنیاد موقوفات دکتر محمود افشار,,,bibliography_books,,Cataloged from pp. 189-198 of S0001; raw Persian entry retained pending authority normalization.
BIB0007,میرزا خانلرخان ()۱۵۳۱سفرنامه خانلرخان اعتصام الملک ،تهران ،انتشارات منوچهر اعتصام الملک مح,میرزا خانلرخان ()۱۵۳۱سفرنامه خانلرخان اعتصام الملک ،تهران ،انتشارات منوچهر اعتصام الملک محمودی اعتمادالسلطنه ،محمدحسن خان ( ،)٧٦٣١تاریخ منتظم ناصری ،مصحح محمد اسماعیل رضوانی ،تهران، دنیای کتاب اعتمادالسلطنه محمد حسن خان ()٤٧٣١چهل سال تاریخ ایران مصحح ایرج افشار ،تهران ،انتشارات اساطير.,,,bibliography_books,,Cataloged from pp. 189-198 of S0001; raw Persian entry retained pending authority normalization.
BIB0008,اعتمادالسلطنه ،محمدحسن خان ()۷۷۳۱روزنامه خاطرات اعتمادالسلطنه با مقدمه ایرج افشار ،تهران، ,اعتمادالسلطنه ،محمدحسن خان ()۷۷۳۱روزنامه خاطرات اعتمادالسلطنه با مقدمه ایرج افشار ،تهران، امير كبير.,,,bibliography_books,,Cataloged from pp. 189-198 of S0001; raw Persian entry retained pending authority normalization.
BIB0009,اعتمادالسلطنه محمد حسن خان ()۷۵۳۱صدر،التواريخ مصحح محمد ،مشیری ،تهران ،کتابخانه و سازمان ا,اعتمادالسلطنه محمد حسن خان ()۷۵۳۱صدر،التواريخ مصحح محمد ،مشیری ،تهران ،کتابخانه و سازمان اسناد ملی ایران,,,bibliography_books,,Cataloged from pp. 189-198 of S0001; raw Persian entry retained pending authority normalization.
BIB0010,افشار ،ایرج (گردآورنده)()۰۸۳۱دفتر تاریخ مجموعه اسناد و منابع تاریخی مصحح ایرج افشار ،تهران,افشار ،ایرج (گردآورنده)()۰۸۳۱دفتر تاریخ مجموعه اسناد و منابع تاریخی مصحح ایرج افشار ،تهران، بنیاد موقوفات دکتر محمود افشار افضلالتواريخ مصحح منصوره اتحادیه و سیروس سعدوندیان افضل الملک میرزا غلامحسین (، ،)١٦٣١ تهران ،نشر تاریخ ایران,,,bibliography_books,,Cataloged from pp. 189-198 of S0001; raw Persian entry retained pending authority normalization.
BIB0011,الموتى ،مصطفی )٤٧٣١(،بازیگران سیاسی از مشروطیت تا سال ،۷۵۳۱لندن ،یکا,الموتى ،مصطفی )٤٧٣١(،بازیگران سیاسی از مشروطیت تا سال ،۷۵۳۱لندن ،یکا,,,bibliography_books,,Cataloged from pp. 189-198 of S0001; raw Persian entry retained pending authority normalization.
BIB0012,ایروانی ،آبراهام ()۳۹۳۱تاریخ جنگها گزارش نبردهای ایران و عثمانی پس از سقوط صفویه,ایروانی ،آبراهام ()۳۹۳۱تاریخ جنگها گزارش نبردهای ایران و عثمانی پس از سقوط صفویه,,,bibliography_books,,Cataloged from pp. 189-198 of S0001; raw Persian entry retained pending authority normalization.
BIB0013,( ،)۱۲۷۱-۸۳۷۱ترجمه فاطمه ،اورجی ،تهران ،پژوهشکده تاریخ اسلام,( ،)۱۲۷۱-۸۳۷۱ترجمه فاطمه ،اورجی ،تهران ،پژوهشکده تاریخ اسلام,,,bibliography_books,,Cataloged from pp. 189-198 of S0001; raw Persian entry retained pending authority normalization.
BIB0014,با مداد ،مهدی ،)۳۹۳۱(.شرححال رجال ایران تهران گلشن,با مداد ،مهدی ،)۳۹۳۱(.شرححال رجال ایران تهران گلشن,,,bibliography_books,,Cataloged from pp. 189-198 of S0001; raw Persian entry retained pending authority normalization.
BIB0015,بختیاری ،علیقلی ()۷۳۱تاریخ بختیاری تهران ،انتشارات اساطیر بدیع تبریزی شمس الدین ()٠٦٣١مناس,بختیاری ،علیقلی ()۷۳۱تاریخ بختیاری تهران ،انتشارات اساطیر بدیع تبریزی شمس الدین ()٠٦٣١مناسبات ارضی در ایران ،معاصر ترجمه غلامحسین متین ،تهران، انتشارات اخگر,,,bibliography_books,,Cataloged from pp. 189-198 of S0001; raw Persian entry retained pending authority normalization.
BIB0016,براون ادوارد ()۰۸۳۱انقلاب مشروطیت ،ایران ترجمه مهری ،قزوینی تهران انتشارات کویر,براون ادوارد ()۰۸۳۱انقلاب مشروطیت ،ایران ترجمه مهری ،قزوینی تهران انتشارات کویر,,,bibliography_books,,Cataloged from pp. 189-198 of S0001; raw Persian entry retained pending authority normalization.
BIB0017,بریون ،مارسل (بی تا) ،منم تیمور جهانگشا ،ترجمه ،ذبیحالله ،منصوری ،تهران مؤسسه مطبوعاتی مست,بریون ،مارسل (بی تا) ،منم تیمور جهانگشا ،ترجمه ،ذبیحالله ،منصوری ،تهران مؤسسه مطبوعاتی مستوفی,,,bibliography_books,,Cataloged from pp. 189-198 of S0001; raw Persian entry retained pending authority normalization.
BIB0018,از سید ضیاء تا بختیار تهران جاویدانبهنود ،مسعود ()۹۶۳۱,از سید ضیاء تا بختیار تهران جاویدانبهنود ،مسعود ()۹۶۳۱,,,bibliography_books,,Cataloged from pp. 189-198 of S0001; raw Persian entry retained pending authority normalization.
BIB0019,بیات بایزید ،)۲۸۳۱(.تذکره همایون و اکبر ،مصحح محمد هدایت ،حسین تهران ،انتشارات اساطیر,بیات بایزید ،)۲۸۳۱(.تذکره همایون و اکبر ،مصحح محمد هدایت ،حسین تهران ،انتشارات اساطیر,,,bibliography_books,,Cataloged from pp. 189-198 of S0001; raw Persian entry retained pending authority normalization.
BIB0020,بیگدلی ،غلامحسین ( ،)۲۷۳۱تاریخ بیگدلیها تهران بینا,بیگدلی ،غلامحسین ( ،)۲۷۳۱تاریخ بیگدلیها تهران بینا,,,bibliography_books,,Cataloged from pp. 189-198 of S0001; raw Persian entry retained pending authority normalization.
BIB0021,پاوولویج ،میخائیل و ،تریاس ،ایرانسکی ( ،)۷۵۳۱سه مقاله درباره انقلاب مشروطه ایران ،ترجمه م،,پاوولویج ،میخائیل و ،تریاس ،ایرانسکی ( ،)۷۵۳۱سه مقاله درباره انقلاب مشروطه ایران ،ترجمه م، هوشیار ،تهران ،انتشارات کتابهای جیبی,,,bibliography_books,,Cataloged from pp. 189-198 of S0001; raw Persian entry retained pending authority normalization.
BIB0022,پری جان.ر)۸۳۱(.کریمخان زند ترجمه علیمحمد ساکی ،تهران ،نشر نو,پری جان.ر)۸۳۱(.کریمخان زند ترجمه علیمحمد ساکی ،تهران ،نشر نو,,,bibliography_books,,Cataloged from pp. 189-198 of S0001; raw Persian entry retained pending authority normalization.
BIB0023,پولاک ،یاکوب ()۸۶۳۱سفرنامه ایران و،ایرانیان ترجمه کیکاووس ،جهانداری انتشارات خوارزمی تاریخ,پولاک ،یاکوب ()۸۶۳۱سفرنامه ایران و،ایرانیان ترجمه کیکاووس ،جهانداری انتشارات خوارزمی تاریخالفى مصحح غلامرضا طباطبایی مجد ،تهران،,,,bibliography_books,,Cataloged from pp. 189-198 of S0001; raw Persian entry retained pending authority normalization.
BIB0024,تتوی قاضی احمد و آصف خان قزوینی (، ،)۲۸۳۱ انتشارات علمی و فرهنگی,تتوی قاضی احمد و آصف خان قزوینی (، ،)۲۸۳۱ انتشارات علمی و فرهنگی,,,bibliography_books,,Cataloged from pp. 189-198 of S0001; raw Persian entry retained pending authority normalization.
BIB0025,جمالزاده ،محمد علی ،)۲۶۳۱( ،گنج شایگان ،تهران ،انتشارات کتاب جمشید ،بهنام و شاپور راسخ ( ،,جمالزاده ،محمد علی ،)۲۶۳۱( ،گنج شایگان ،تهران ،انتشارات کتاب جمشید ،بهنام و شاپور راسخ ( ،)٨٤٣١مقدمه بر جامعهشناسی ایران تهران ،انتشارات خوارزمی,,,bibliography_books,,Cataloged from pp. 189-198 of S0001; raw Persian entry retained pending authority normalization.
BIB0026,جمعی از نویسندگان ()۰۷۳۱مشاهیر ،رجال به کوشش باقر عاقلی ،تهران ،نشر گفتار,جمعی از نویسندگان ()۰۷۳۱مشاهیر ،رجال به کوشش باقر عاقلی ،تهران ،نشر گفتار,,,bibliography_books,,Cataloged from pp. 189-198 of S0001; raw Persian entry retained pending authority normalization.
BIB0027,،جنابذی میرزابیگ ()۸۷۳۱روضة الصفويه ،مصحح غلامرضا طباطبایی ،مجد ،تهران بنیاد موقوفات دکتر ,،جنابذی میرزابیگ ()۸۷۳۱روضة الصفويه ،مصحح غلامرضا طباطبایی ،مجد ،تهران بنیاد موقوفات دکتر محمود افشار,,,bibliography_books,,Cataloged from pp. 189-198 of S0001; raw Persian entry retained pending authority normalization.
BIB0028,جورابچی محمدتقی ()۶۸۳۱حرفی از هزاران که اندر عبارت آمد خاطرات محمدتقی جورابچی) صحح علی ،قی,جورابچی محمدتقی ()۶۸۳۱حرفی از هزاران که اندر عبارت آمد خاطرات محمدتقی جورابچی) صحح علی ،قیصری ،تهران ،نشر تاریخ ایران,,,bibliography_books,,Cataloged from pp. 189-198 of S0001; raw Persian entry retained pending authority normalization.
BIB0029,جهانگیر میرزا ( ،)۴۸۳۱تاریخ ،نو مصحح عباس اقبال آشتیانی ،تهران ،انتشارات علم.,جهانگیر میرزا ( ،)۴۸۳۱تاریخ ،نو مصحح عباس اقبال آشتیانی ،تهران ،انتشارات علم.,,,bibliography_books,,Cataloged from pp. 189-198 of S0001; raw Persian entry retained pending authority normalization.
BIB0030,ی بی کلی و گرنی .داد ()۷۸۳۱جنگ ایران و انگلیس در سال ٦٥٨١ترجمه حسن زنگنه ،بوشهر، نتشارات ش,ی بی کلی و گرنی .داد ()۷۸۳۱جنگ ایران و انگلیس در سال ٦٥٨١ترجمه حسن زنگنه ،بوشهر، نتشارات شروع چلبی ،مصطفى بن عبدالله ( ،)٦٧٣١ترجمه تقویم تواریخ مترجم ناشناخته ،تهران ،نشر احیا کتاب.,,,bibliography_books,,Cataloged from pp. 189-198 of S0001; raw Persian entry retained pending authority normalization.
BIB0031,حائری عبد الهادی ( ،)۷۶۳۱نخستین رویاروییهای اندیشهگران ایران با دو رویه تمدن بورژوازی غرب ,حائری عبد الهادی ( ،)۷۶۳۱نخستین رویاروییهای اندیشهگران ایران با دو رویه تمدن بورژوازی غرب ،تهران ،انتشارات امیرکبیر,,,bibliography_books,,Cataloged from pp. 189-198 of S0001; raw Persian entry retained pending authority normalization.
BIB0032,حسینی ،صدرالدین ابوالحسن علی ()۰۸۳۱زبدة التواريخ اخبارالامرا و الملوك السلجوقيه ،ترجمه رمض,حسینی ،صدرالدین ابوالحسن علی ()۰۸۳۱زبدة التواريخ اخبارالامرا و الملوك السلجوقيه ،ترجمه رمضان على روح الهی ،مصحح محمد نورالدین ،تهران انتشارات ایل شاهسون بغدادی,,,bibliography_books,,Cataloged from pp. 189-198 of S0001; raw Persian entry retained pending authority normalization.
BIB0033,حيني ،فسایی میرزا حسن )۲۸۳۱(،فارسنامه ناصری ،مصحح منصور رستگار فسایی ،تهران ،انتشارات امير,حيني ،فسایی میرزا حسن )۲۸۳۱(،فارسنامه ناصری ،مصحح منصور رستگار فسایی ،تهران ،انتشارات اميركبير.,,,bibliography_books,,Cataloged from pp. 189-198 of S0001; raw Persian entry retained pending authority normalization.
BIB0034,خاوری شیرازی میرزا فضلالله ( ،)۰۸۳۱تاریخ،ذوالقرنین مصحح ناصر ،افشار،فر ،تهران ،سازمان چاپ ,خاوری شیرازی میرزا فضلالله ( ،)۰۸۳۱تاریخ،ذوالقرنین مصحح ناصر ،افشار،فر ،تهران ،سازمان چاپ و انتشارات وزارت فرهنگ و ارشاد اسلامی,,,bibliography_books,,Cataloged from pp. 189-198 of S0001; raw Persian entry retained pending authority normalization.
BIB0035,خسروی خسرو ()۸۵۳۱جامعه دهقانی در ایران ،تهران ،انتشارات پیام,خسروی خسرو ()۸۵۳۱جامعه دهقانی در ایران ،تهران ،انتشارات پیام,,,bibliography_books,,Cataloged from pp. 189-198 of S0001; raw Persian entry retained pending authority normalization.
BIB0036,خواند ،میر غیاث الدین همام الدین ( ،)۰۸۳۱تاریخ حبیبالسیر ،تهران ،نشر خیام خورموجی محمدجعفر,خواند ،میر غیاث الدین همام الدین ( ،)۰۸۳۱تاریخ حبیبالسیر ،تهران ،نشر خیام خورموجی محمدجعفر ()٤٤٣١تاریخ قاجار؛ حقایقالاخبار ناصری ،مصحح حسین خدیو جم ،تهران، نشر زوار,,,bibliography_books,,Cataloged from pp. 189-198 of S0001; raw Persian entry retained pending authority normalization.
BIB0037,هانری ،رنه )۵۳۳۱(،سفرنامه از خراسان تا ،بختیاری ترجمه علی فره وشی تهران ،انتشارات دالمانی ,هانری ،رنه )۵۳۳۱(،سفرنامه از خراسان تا ،بختیاری ترجمه علی فره وشی تهران ،انتشارات دالمانی اميركبير,,,bibliography_books,,Cataloged from pp. 189-198 of S0001; raw Persian entry retained pending authority normalization.
BIB0038,دروویل ،گاسپار ()۰۷۳۱سفر در ایران ترجمه منوچهر اعتماد ،مقدم ،تهران ،نشر شباویز,دروویل ،گاسپار ()۰۷۳۱سفر در ایران ترجمه منوچهر اعتماد ،مقدم ،تهران ،نشر شباویز,,,bibliography_books,,Cataloged from pp. 189-198 of S0001; raw Persian entry retained pending authority normalization.
BIB0039,دنبلی ،عبدالرزاق بن مفتون ( ،)۳۸۳۱مآثرالسلطانیه به کوشش فیروز ،منصوری ،تهران ،انتشارات اطل,دنبلی ،عبدالرزاق بن مفتون ( ،)۳۸۳۱مآثرالسلطانیه به کوشش فیروز ،منصوری ،تهران ،انتشارات اطلاعات,,,bibliography_books,,Cataloged from pp. 189-198 of S0001; raw Persian entry retained pending authority normalization.
BIB0040,دوغلات ،میرزا حیدر ( ،)۳۸۳۱تاریخ رشیدی ،مصحح عباسقلی غفاری فرد ،تهران ،میراث مکتوب,دوغلات ،میرزا حیدر ( ،)۳۸۳۱تاریخ رشیدی ،مصحح عباسقلی غفاری فرد ،تهران ،میراث مکتوب,,,bibliography_books,,Cataloged from pp. 189-198 of S0001; raw Persian entry retained pending authority normalization.
BIB0041,دولتآبادی یحیی ()۱۷۳۱حیات ،یحیی ،تهران ،انتشارات عطار,دولتآبادی یحیی ()۱۷۳۱حیات ،یحیی ،تهران ،انتشارات عطار,,,bibliography_books,,Cataloged from pp. 189-198 of S0001; raw Persian entry retained pending authority normalization.
BIB0042,دیوانبیگی ،میرزا حسینخان ()۲۸۳۱خاطرات دیوانبیگی مصحح ایرج افشار و محمدرسول دریاگشت تهران ،,دیوانبیگی ،میرزا حسینخان ()۲۸۳۱خاطرات دیوانبیگی مصحح ایرج افشار و محمدرسول دریاگشت تهران ،اساطیر,,,bibliography_books,,Cataloged from pp. 189-198 of S0001; raw Persian entry retained pending authority normalization.
BIB0043,دهخدا ،علی اکبر ()۳۷۳۱لغتنامه دهخدا ،تهران سازمان اسناد و کتابخانه ملی,دهخدا ،علی اکبر ()۳۷۳۱لغتنامه دهخدا ،تهران سازمان اسناد و کتابخانه ملی,,,bibliography_books,,Cataloged from pp. 189-198 of S0001; raw Persian entry retained pending authority normalization.
BIB0044,دیوانبیگی ،میرزا حسین خان )۲۸۳۱(،خاطرات دیوان،بیگی مصحح ایرج افشار و محمدرسول ،دریا گشت ،ت,دیوانبیگی ،میرزا حسین خان )۲۸۳۱(،خاطرات دیوان،بیگی مصحح ایرج افشار و محمدرسول ،دریا گشت ،تهران ،انتشارات اساطیر,,,bibliography_books,,Cataloged from pp. 189-198 of S0001; raw Persian entry retained pending authority normalization.
BIB0045,راوندی ،مرتضی ()۲۸۳۱تاریخ اجتماعی،ایران ،تهران ،انتشارات نگاه راوندی ،محمد بن علی ،)٤٦٣١(.,راوندی ،مرتضی ()۲۸۳۱تاریخ اجتماعی،ایران ،تهران ،انتشارات نگاه راوندی ،محمد بن علی ،)٤٦٣١(.راحة الصدور وآيةالسرور ،مصحح محمد اقبال و مجتبی مینوی ،تهران، اميركبير رایت ،دنیس ()٤٦٣١ایرانیان در میان انگلیسیها ترجمه کریم ،امامی ،تهران ،انتشارات میزان,,,bibliography_books,,Cataloged from pp. 189-198 of S0001; raw Persian entry retained pending authority normalization.
BIB0046,رشوند ،محمد علیخان ( ،)۹۷۳۱مجمل رشوند مصحح منوچهر ستوده و عنایتالله مجیدی ،تهران ،میراث مك,رشوند ،محمد علیخان ( ،)۹۷۳۱مجمل رشوند مصحح منوچهر ستوده و عنایتالله مجیدی ،تهران ،میراث مكتوب الله رحمانی تهران کتابخانه جمهوری,,,bibliography_books,,Cataloged from pp. 189-198 of S0001; raw Persian entry retained pending authority normalization.
BIB0047,روزنامه دولت علیه ایران ()۰۷۳۱به اهتمام جمشید کیانفر و عنایت اسلامی ایران,روزنامه دولت علیه ایران ()۰۷۳۱به اهتمام جمشید کیانفر و عنایت اسلامی ایران,,,bibliography_books,,Cataloged from pp. 189-198 of S0001; raw Persian entry retained pending authority normalization.
BIB0048,روزنامه دولت علیه ایران ()۲۷۳۱به اهتمام جمشید کیانفر و عنایتالله رحمانی تهران ،کتابخانه جم,روزنامه دولت علیه ایران ()۲۷۳۱به اهتمام جمشید کیانفر و عنایتالله رحمانی تهران ،کتابخانه جمهوری اسلامی ایران,,,bibliography_books,,Cataloged from pp. 189-198 of S0001; raw Persian entry retained pending authority normalization.
BIB0049,،رهربرن کلاوس میشائل ( ،)۷۵۳۱نظام ایالات در دوره صفویه ترجمه کیکاوس جهانداری تهران بنگاه ت,،رهربرن کلاوس میشائل ( ،)۷۵۳۱نظام ایالات در دوره صفویه ترجمه کیکاوس جهانداری تهران بنگاه ترجمه و نشر کتاب,,,bibliography_books,,Cataloged from pp. 189-198 of S0001; raw Persian entry retained pending authority normalization.
BIB0050,زجاجی ،حکیم ()۳۸۳۱همایون نامه؛ تاریخ منظوم زجاجی مصحح علی پیرنیا ،تهران ،نشر آثار ،ژوبر ،پ,زجاجی ،حکیم ()۳۸۳۱همایون نامه؛ تاریخ منظوم زجاجی مصحح علی پیرنیا ،تهران ،نشر آثار ،ژوبر ،پیرآمدی ()٧٤٣١مسافرت در ارمنستان و ،ایران ترجمه علیقلی اعتماد ،مقدم ،تهران ،نشر بنیاد فرهنگ ایران,,,bibliography_books,,Cataloged from pp. 189-198 of S0001; raw Persian entry retained pending authority normalization.
BIB0051,ساروی ،محمد فتحالله ( ،)۱۷۳۱تاریخ محمدی (احسن التواريخ مصحح غلامرضا طباطبایی مجد ،تهران، ا,ساروی ،محمد فتحالله ( ،)۱۷۳۱تاریخ محمدی (احسن التواريخ مصحح غلامرضا طباطبایی مجد ،تهران، انتشارات امیرکبیر,,,bibliography_books,,Cataloged from pp. 189-198 of S0001; raw Persian entry retained pending authority normalization.
BIB0052,سالور عين السلطنه قهرمان میرزا ( ،)۴۷۳۱روزنامه خاطرات عینالسلطنه ،مصحح مسعود سالور و ایرج ,سالور عين السلطنه قهرمان میرزا ( ،)۴۷۳۱روزنامه خاطرات عینالسلطنه ،مصحح مسعود سالور و ایرج افشار ،تهران ،انتشارات اساطیر,,,bibliography_books,,Cataloged from pp. 189-198 of S0001; raw Persian entry retained pending authority normalization.
BIB0053,سایکس ،سرپرسی ()۰۸۳۱تاریخ ایران ترجمه سید محمدتقی فخرداعی گیلانی ،تهران ،نشر افسون.,سایکس ،سرپرسی ()۰۸۳۱تاریخ ایران ترجمه سید محمدتقی فخرداعی گیلانی ،تهران ،نشر افسون.,,,bibliography_books,,Cataloged from pp. 189-198 of S0001; raw Persian entry retained pending authority normalization.
BIB0054,سپهر ،احمد علی ()۶۳۳۱ایران درجنگ بزرگ ۴۱۹۱ ۸۱۹۱تهران ،چاپخانه بانک ملی ایران,سپهر ،احمد علی ()۶۳۳۱ایران درجنگ بزرگ ۴۱۹۱ ۸۱۹۱تهران ،چاپخانه بانک ملی ایران,,,bibliography_books,,Cataloged from pp. 189-198 of S0001; raw Persian entry retained pending authority normalization.
BIB0055,سپهر ،عبدالحسین ( ،)۶۸۳۱مرآتالوقایع مظفری ،مصحح عبدالحسین نوایی ،تهران ،میراث مکتوب.,سپهر ،عبدالحسین ( ،)۶۸۳۱مرآتالوقایع مظفری ،مصحح عبدالحسین نوایی ،تهران ،میراث مکتوب.,,,bibliography_books,,Cataloged from pp. 189-198 of S0001; raw Persian entry retained pending authority normalization.
BIB0056,سپهر ،محمدتقی لسان الملک ( ،)۷۳۳۱ناسخالتواریخ به کوشش جهانگیر قائم مقامی ،تهران ،امیرکبیر.,سپهر ،محمدتقی لسان الملک ( ،)۷۳۳۱ناسخالتواریخ به کوشش جهانگیر قائم مقامی ،تهران ،امیرکبیر. سرابی ،حسینبن عبدالله ()١٦٣١سفرنامه فرخخان امین الدوله؛ مخزن الوقایع ،مصحح کریم اصفهانیان و الله ،روشنی تهران ،انتشارات اساطیر قدرت,,,bibliography_books,,Cataloged from pp. 189-198 of S0001; raw Persian entry retained pending authority normalization.
BIB0057,سیرجانی ،سعید ( ،)۳۸۳۱وقایع اتفاقیه ،مصحح سعیدی سیرجانی ،تهران ،انتشارات آسیم.,سیرجانی ،سعید ( ،)۳۸۳۱وقایع اتفاقیه ،مصحح سعیدی سیرجانی ،تهران ،انتشارات آسیم.,,,bibliography_books,,Cataloged from pp. 189-198 of S0001; raw Persian entry retained pending authority normalization.
BIB0058,سومر ،فاروق ( ،)۰۹۳۱تاریخ غزها (ترکمنها ،تاریخ ،تشکیلات طایفه ای وحماسهها ،ترجمه وهاب ولی،,سومر ،فاروق ( ،)۰۹۳۱تاریخ غزها (ترکمنها ،تاریخ ،تشکیلات طایفه ای وحماسهها ،ترجمه وهاب ولی، تهران پژوهشگاه علوم انسانی و مطالعات فرهنگی,,,bibliography_books,,Cataloged from pp. 189-198 of S0001; raw Persian entry retained pending authority normalization.
BIB0059,سومر ،فاروق ()۱۷۳۱نقش ترکان آناطولی در تشکیل دولت صفوی دکتر احسان اشراقی و محمدتقی امامی ،,سومر ،فاروق ()۱۷۳۱نقش ترکان آناطولی در تشکیل دولت صفوی دکتر احسان اشراقی و محمدتقی امامی ،خونی تهران گستره,,,bibliography_books,,Cataloged from pp. 189-198 of S0001; raw Persian entry retained pending authority normalization.
BIB0060,()۲۷۳۱سفرنامه شاردن ترجمه اقبال ،یغمایی ،تهران ،انتشارات توس,()۲۷۳۱سفرنامه شاردن ترجمه اقبال ،یغمایی ،تهران ،انتشارات توس,,,bibliography_books,,Cataloged from pp. 189-198 of S0001; raw Persian entry retained pending authority normalization.
BIB0061,لی رضا ( ،)۷۷۳۱تاریخ تحولات سیاسی و اجتماعی ایران در دوره افشاریه و زندیه تهران ،سمت,لی رضا ( ،)۷۷۳۱تاریخ تحولات سیاسی و اجتماعی ایران در دوره افشاریه و زندیه تهران ،سمت,,,bibliography_books,,Cataloged from pp. 189-198 of S0001; raw Persian entry retained pending authority normalization.
BIB0062,لی حسینقلی خان ()۳۵۳۱خاطرات ممتحنالدوله مصحح حسینقلی خان شقاقی ،تهران ،انتشارات مبركبير رس,لی حسینقلی خان ()۳۵۳۱خاطرات ممتحنالدوله مصحح حسینقلی خان شقاقی ،تهران ،انتشارات مبركبير رست مورگان ()٤٤٣١اختناق ،ایران ترجمه ابوالحسن شوشتری ،تهران ،صفیعلیشاه,,,bibliography_books,,Cataloged from pp. 189-198 of S0001; raw Persian entry retained pending authority normalization.
BIB0063,م علیاصغر ()۷۸۳۱ایران دردوره سلطنت قاجار ،تهران ،انتشارات بهزاد. یرازی ،ابنعبد الكريم محمد,م علیاصغر ()۷۸۳۱ایران دردوره سلطنت قاجار ،تهران ،انتشارات بهزاد. یرازی ،ابنعبد الكريم محمدرضا ()٥٦٣١تاریخ زندیه تصحیح ارنست بئیر تهران گستره,,,bibliography_books,,Cataloged from pp. 189-198 of S0001; raw Persian entry retained pending authority normalization.
BIB0064,برازی ،احمد دیوان بیگی (بی تا)حديقة الشعراء ،مصحح عبدالحسین نوایی ،تهران ،بیجا.,برازی ،احمد دیوان بیگی (بی تا)حديقة الشعراء ،مصحح عبدالحسین نوایی ،تهران ،بیجا.,,,bibliography_books,,Cataloged from pp. 189-198 of S0001; raw Persian entry retained pending authority normalization.
BIB0065,نیروانی ،زین العابدين ()۸۸۳۱بستانالسیاحه ،مصحح منیژه محمودی ،تهران ،نشر حقیقت.,نیروانی ،زین العابدين ()۸۸۳۱بستانالسیاحه ،مصحح منیژه محمودی ،تهران ،نشر حقیقت.,,,bibliography_books,,Cataloged from pp. 189-198 of S0001; raw Persian entry retained pending authority normalization.
BIB0066,نل لیدی ( ،)۸۶۳۱خاطرات ترجمه حسین ابوترابیان تهران نشر نو مقایی ،ابراهیم ()٥٤٣١پنجاه نامه ,نل لیدی ( ،)۸۶۳۱خاطرات ترجمه حسین ابوترابیان تهران نشر نو مقایی ،ابراهیم ()٥٤٣١پنجاه نامه تاریخی دوران قاجاریه ،تهران ،نشر بابک صفایی ابراهیم ()٢٦٣١رهبران مشروطه ،تهران ،انتشارات جاویدان ظهیرالدوله ،علیخان ( ،)٧٦٣١خاطرات واسناد ظهیرالدوله ،مصحح ایرج افشار ،تهران ،نشر زرین,,,bibliography_books,,Cataloged from pp. 189-198 of S0001; raw Persian entry retained pending authority normalization.
BIB0067,ظهیر الدین نیشابوری خواجه امام ( ،)۲۳۳۱سلجوقنامه تهران ،نشر خاور,ظهیر الدین نیشابوری خواجه امام ( ،)۲۳۳۱سلجوقنامه تهران ،نشر خاور,,,bibliography_books,,Cataloged from pp. 189-198 of S0001; raw Persian entry retained pending authority normalization.
BIB0068,عاقلی ،باقر ()۱۸۳۱خاندانهای حکومتگر،ایران ،تهران ،نشرعلم,عاقلی ،باقر ()۱۸۳۱خاندانهای حکومتگر،ایران ،تهران ،نشرعلم,,,bibliography_books,,Cataloged from pp. 189-198 of S0001; raw Persian entry retained pending authority normalization.
BIB0069,عضدالملک علیرضا ()۰۷۳۱سفرنامه عضدالملک به عتبات مصحح حسن مرسلوند ،تهران ،مؤسسه پژوهش و مطا,عضدالملک علیرضا ()۰۷۳۱سفرنامه عضدالملک به عتبات مصحح حسن مرسلوند ،تهران ،مؤسسه پژوهش و مطالعات فرهنگی,,,bibliography_books,,Cataloged from pp. 189-198 of S0001; raw Persian entry retained pending authority normalization.
BIB0070,علوی ،سید ابوالحسن ()۳۶۳۱رجال عصر مشروطیت به کوشش حبیب یغمایی و ایرج افشار ،تهران انتشارات,علوی ،سید ابوالحسن ()۳۶۳۱رجال عصر مشروطیت به کوشش حبیب یغمایی و ایرج افشار ،تهران انتشارات اساطير,,,bibliography_books,,Cataloged from pp. 189-198 of S0001; raw Persian entry retained pending authority normalization.
BIB0071,عمید ،حسن ( ،)۹۸۳۱فرهنگ ،عمید تهران ،انتشارات شهرزاد,عمید ،حسن ( ،)۹۸۳۱فرهنگ ،عمید تهران ،انتشارات شهرزاد,,,bibliography_books,,Cataloged from pp. 189-198 of S0001; raw Persian entry retained pending authority normalization.
BIB0072,غفاری کاشانی ،ابوالحسن ()۹۶۳۱گلشن مراد به اهتمام غلامرضا طباطبایی نجد تهران زرین,غفاری کاشانی ،ابوالحسن ()۹۶۳۱گلشن مراد به اهتمام غلامرضا طباطبایی نجد تهران زرین,,,bibliography_books,,Cataloged from pp. 189-198 of S0001; raw Persian entry retained pending authority normalization.
BIB0073,غنی ،سیروس ()۷۷۳۱یادداشتهای قاسم غنی ،تهران زوار,غنی ،سیروس ()۷۷۳۱یادداشتهای قاسم غنی ،تهران زوار,,,bibliography_books,,Cataloged from pp. 189-198 of S0001; raw Persian entry retained pending authority normalization.
BIB0074,فتنه شیخ عبدالله کرد ،)۰۹۳۱(.به کوشش یوسف بیگ باباپور و مسعود ،غلامیه ،تهران ،کتابخانه ،مو,فتنه شیخ عبدالله کرد ،)۰۹۳۱(.به کوشش یوسف بیگ باباپور و مسعود ،غلامیه ،تهران ،کتابخانه ،موزه و مرکز اسناد مجلس شورای اسلامی,,,bibliography_books,,Cataloged from pp. 189-198 of S0001; raw Persian entry retained pending authority normalization.
BIB0075,فراهانی ،حسن ( ،)۵۸۳۱روزشمار تاریخ معاصر،ایران ،تهران موسسه مطالعات و پژوهشهای سیاسی,فراهانی ،حسن ( ،)۵۸۳۱روزشمار تاریخ معاصر،ایران ،تهران موسسه مطالعات و پژوهشهای سیاسی,,,bibliography_books,,Cataloged from pp. 189-198 of S0001; raw Persian entry retained pending authority normalization.
BIB0076,فرمانفرما ،عبدالحسین میرزا ()۳۸۳۱مسافرت نامه کرمان و بلوچستان مصحح ایرج افشار ،تهران، انتش,فرمانفرما ،عبدالحسین میرزا ()۳۸۳۱مسافرت نامه کرمان و بلوچستان مصحح ایرج افشار ،تهران، انتشارات اساطير,,,bibliography_books,,Cataloged from pp. 189-198 of S0001; raw Persian entry retained pending authority normalization.
BIB0077,فرمانفرما ،فیروز میرزا ()۰۸۳۱سفرنامه کرمان و،بلوچستان مصحح منصوره اتحادیه و سعاد ،پیرا ،ته,فرمانفرما ،فیروز میرزا ()۰۸۳۱سفرنامه کرمان و،بلوچستان مصحح منصوره اتحادیه و سعاد ،پیرا ،تهران نشر تاریخ ایران,,,bibliography_books,,Cataloged from pp. 189-198 of S0001; raw Persian entry retained pending authority normalization.
BIB0078,فرمانفرما ،فیروز میرزا ( ،)۷۷۳۱نامههای حکومتی فیروز میرزا فرمانفرما ،مصحح فتحالله کشاورز ،,فرمانفرما ،فیروز میرزا ( ،)۷۷۳۱نامههای حکومتی فیروز میرزا فرمانفرما ،مصحح فتحالله کشاورز ،تهران، کتابخانه و سازمان استاد ملی ایران,,,bibliography_books,,Cataloged from pp. 189-198 of S0001; raw Persian entry retained pending authority normalization.
BIB0079,فرمانها و رقمهای دوره قاجار ()۲۷۳۱به کوشش رضا ،فراستی ،تهران مؤسسه پژوهشها و مطالعات فرهنگ,فرمانها و رقمهای دوره قاجار ()۲۷۳۱به کوشش رضا ،فراستی ،تهران مؤسسه پژوهشها و مطالعات فرهنگی,,,bibliography_books,,Cataloged from pp. 189-198 of S0001; raw Persian entry retained pending authority normalization.
BIB0080,فروتن ،مجید ()۰۹۳۱همدان در جنگ جهانیاول ،تهران سازمان اسناد و کتابخانه ملی فرهاد میرزا ()٦,فروتن ،مجید ()۰۹۳۱همدان در جنگ جهانیاول ،تهران سازمان اسناد و کتابخانه ملی فرهاد میرزا ()٦٦٣١سفرنامه فرهاد ،میرزا مصحح غلامرضا طباطبایی ،مجد تهران ،مؤسسه مطبوعاتی علمی,,,bibliography_books,,Cataloged from pp. 189-198 of S0001; raw Persian entry retained pending authority normalization.
BIB0081,،فوران جان ()۲۹۳۱مقاومت شکننده ترجمه احمد ،تدین ،تهران ،انتشارات رسا,،فوران جان ()۲۹۳۱مقاومت شکننده ترجمه احمد ،تدین ،تهران ،انتشارات رسا,,,bibliography_books,,Cataloged from pp. 189-198 of S0001; raw Persian entry retained pending authority normalization.
BIB0082,فروریه ژوانس ()۵۸۳۱سه سال در دربار،ایران ترجمه عباس اقبال آشتیانی ،تهران ،انتشارات علم,فروریه ژوانس ()۵۸۳۱سه سال در دربار،ایران ترجمه عباس اقبال آشتیانی ،تهران ،انتشارات علم,,,bibliography_books,,Cataloged from pp. 189-198 of S0001; raw Persian entry retained pending authority normalization.
BIB0083,قاجار ،ناصر الدین شاه ()۱۷۳۱روزنامه خاطرات ناصرالدینشاه در سفر سوم فرنگستان ،مصحح فاطمه قا,قاجار ،ناصر الدین شاه ()۱۷۳۱روزنامه خاطرات ناصرالدینشاه در سفر سوم فرنگستان ،مصحح فاطمه قاضيها ،تهران کتابخانه و سازمان اسناد ملی ایران,,,bibliography_books,,Cataloged from pp. 189-198 of S0001; raw Persian entry retained pending authority normalization.
BIB0084,قاجار ناصرالدین شاه )۲۹۳۱(،سفرنامه نامه عراق عجم ،تهران ،نشر تیراژه,قاجار ناصرالدین شاه )۲۹۳۱(،سفرنامه نامه عراق عجم ،تهران ،نشر تیراژه,,,bibliography_books,,Cataloged from pp. 189-198 of S0001; raw Persian entry retained pending authority normalization.
BIB0085,قاجار ناصرالدین شاه ()۲۷۳۱شهریار جادهها مصحح محمدرضا عباسی و پرویز بدیعی تهران کتابخانه و ,قاجار ناصرالدین شاه ()۲۷۳۱شهریار جادهها مصحح محمدرضا عباسی و پرویز بدیعی تهران کتابخانه و سازمان اسناد ملی ایران,,,bibliography_books,,Cataloged from pp. 189-198 of S0001; raw Persian entry retained pending authority normalization.
BIB0086,قائم مقامی ،جهانگیر ،)٦٢٣١(.تحولات سیاسی و نظامی ایران از آغاز قرن یازدهم تا ۱۰۳۱شمسی ،تهر,قائم مقامی ،جهانگیر ،)٦٢٣١(.تحولات سیاسی و نظامی ایران از آغاز قرن یازدهم تا ۱۰۳۱شمسی ،تهران انتشارات علمی و شرکا,,,bibliography_books,,Cataloged from pp. 189-198 of S0001; raw Persian entry retained pending authority normalization.
BIB0087,قدیانی ،عباس ( ،)۷۸۳۱فرهنگ جامع تاریخ ایران ،تهران ،نشر آرون,قدیانی ،عباس ( ،)۷۸۳۱فرهنگ جامع تاریخ ایران ،تهران ،نشر آرون,,,bibliography_books,,Cataloged from pp. 189-198 of S0001; raw Persian entry retained pending authority normalization.
BIB0088,قراگوزلو ،غلامحسین ()۳۷۳۱هگمتانه تا همدان تهران اقبال,قراگوزلو ،غلامحسین ()۳۷۳۱هگمتانه تا همدان تهران اقبال,,,bibliography_books,,Cataloged from pp. 189-198 of S0001; raw Persian entry retained pending authority normalization.
BIB0089,قزوینی ،محمد طاهر وحید ( ،)۳۸۳۱تاریخ جهان آرای عباسی مصحح سید سعید میرمحمد صادق.تهران: پژو,قزوینی ،محمد طاهر وحید ( ،)۳۸۳۱تاریخ جهان آرای عباسی مصحح سید سعید میرمحمد صادق.تهران: پژوهشگاه علوم انسانی و مطالعات فرهنگی,,,bibliography_books,,Cataloged from pp. 189-198 of S0001; raw Persian entry retained pending authority normalization.
BIB0090,قزوینی ،اصفهانی محمد یوسف واله ()۲۸۳۱ایران در زمان شاه صفی و شاه عباس دوم ،مصحح محمدرضا ،ن,قزوینی ،اصفهانی محمد یوسف واله ()۲۸۳۱ایران در زمان شاه صفی و شاه عباس دوم ،مصحح محمدرضا ،نصیری ،تهران ،انجمن آثار و مفاخر فرهنگی,,,bibliography_books,,Cataloged from pp. 189-198 of S0001; raw Persian entry retained pending authority normalization.
BIB0091,قزوینی اصفهانی ،محمد یوسف واله ( ،)۲۷۳۱خلد برین مصحح میرهاشم محدث ،تهران ،بنیاد موقوفات دک,قزوینی اصفهانی ،محمد یوسف واله ( ،)۲۷۳۱خلد برین مصحح میرهاشم محدث ،تهران ،بنیاد موقوفات دکتر محمود افشار,,,bibliography_books,,Cataloged from pp. 189-198 of S0001; raw Persian entry retained pending authority normalization.
BIB0092,قمی ،احمدبن شرف الدین ()۳۸۳۱خلاصة التواريخ ،مصحح احسان اشراقی تهران ،انتشارات دانشگاه تهرا,قمی ،احمدبن شرف الدین ()۳۸۳۱خلاصة التواريخ ،مصحح احسان اشراقی تهران ،انتشارات دانشگاه تهران,,,bibliography_books,,Cataloged from pp. 189-198 of S0001; raw Persian entry retained pending authority normalization.
BIB0093,قوزانلو ،جميل ()۵۱۳۱تاریخ نظامی ،ایران تهران چاپخانه فردوسی,قوزانلو ،جميل ()۵۱۳۱تاریخ نظامی ،ایران تهران چاپخانه فردوسی,,,bibliography_books,,Cataloged from pp. 189-198 of S0001; raw Persian entry retained pending authority normalization.
BIB0094,سديد السلطنه ( ،)۰۷۳۱تاریخ مسقط و عمان ،بحرین و قطر ،تصحیح احمد اقتداری ،تهران ،دنیای,سديد السلطنه ( ،)۰۷۳۱تاریخ مسقط و عمان ،بحرین و قطر ،تصحیح احمد اقتداری ،تهران ،دنیای,,,bibliography_books,,Cataloged from pp. 189-198 of S0001; raw Persian entry retained pending authority normalization.
BIB0095,جرج ناتانیل ()۰۸۳۱ایران و قضیه ایران ترجمه غلامعلی وحید مازندرانی ،تهران ،انتشارات علمی و ,جرج ناتانیل ()۰۸۳۱ایران و قضیه ایران ترجمه غلامعلی وحید مازندرانی ،تهران ،انتشارات علمی و فرهنگی,,,bibliography_books,,Cataloged from pp. 189-198 of S0001; raw Persian entry retained pending authority normalization.
BIB0096,مانی ،احمد مجد الاسلام (بی تا)سفرنامه کلات مصحح محمد خلیل ،پور اصفهان ،انتشارات دانشگاه اص,مانی ،احمد مجد الاسلام (بی تا)سفرنامه کلات مصحح محمد خلیل ،پور اصفهان ،انتشارات دانشگاه اصفهان زمانی ملا محمد مومن ( ،)٤٨٣١صحيفة الارشاد ،مصحح محمد ابراهیم باستانی پاریزی ،تهران ،نشر علم,,,bibliography_books,,Cataloged from pp. 189-198 of S0001; raw Persian entry retained pending authority normalization.
BIB0097,،زمانی ،ناظم الاسلام ( ،)۴۸۳۱تاریخ بیداری ،ایرانیان تهران انتشارات امیرکبیر,،زمانی ،ناظم الاسلام ( ،)۴۸۳۱تاریخ بیداری ،ایرانیان تهران انتشارات امیرکبیر,,,bibliography_books,,Cataloged from pp. 189-198 of S0001; raw Persian entry retained pending authority normalization.
BIB0098,نیروی احمد ()۳۸۳۱تاریخ مشروطه ایران تهران ،انتشارات امیرکبیر.,نیروی احمد ()۳۸۳۱تاریخ مشروطه ایران تهران ،انتشارات امیرکبیر.,,,bibliography_books,,Cataloged from pp. 189-198 of S0001; raw Persian entry retained pending authority normalization.
BIB0099,نیروی احمد ( ،)۳۸۳۱تاریخ هجده ساله آذربایجان تهران ،انتشارات امیرکبیر. گلستانه ابو الحسن ب,نیروی احمد ( ،)۳۸۳۱تاریخ هجده ساله آذربایجان تهران ،انتشارات امیرکبیر. گلستانه ابو الحسن بن محمد امین ()٤٤٣١گلستانه تهران:انتشارات ابن سینا.,,,bibliography_books,,Cataloged from pp. 189-198 of S0001; raw Persian entry retained pending authority normalization.
BIB0100,انهارت لارنس ( ،)۳۸۳۱انقراض سلسله صفویه ترجمه اسماعیل ،دولتشاهی ،تهران ،انتشارات علمی و فر,انهارت لارنس ( ،)۳۸۳۱انقراض سلسله صفویه ترجمه اسماعیل ،دولتشاهی ،تهران ،انتشارات علمی و فرهنگی. لمبتون آکس ( ،)٢٦٣١مالک و زارع در ،ایران ترجمه منوچهر ،امیری تهران ،انتشارات علمی و فرهنگی ش,,,bibliography_books,,Cataloged from pp. 189-198 of S0001; raw Persian entry retained pending authority normalization.
BIB0101,مازندرانی وحید (گردآوری)(بی تا)مجموعه عهدنامه های تاریخی ایران از عهد هخامنشی تا پهلوی ،ته,مازندرانی وحید (گردآوری)(بی تا)مجموعه عهدنامه های تاریخی ایران از عهد هخامنشی تا پهلوی ،تهران ،انتشارات وزارت امور خارجه شاهنشاهی مافی ،حسینقلیخان نظام السلطنه ( ،)٢٦٣١خاطرات و اسناد حسینقلیخان نظامالسلطنه مافی ،مصحح معصومه مافی و دیگران ،تهران ،نشر تاریخ ایران,,,bibliography_books,,Cataloged from pp. 189-198 of S0001; raw Persian entry retained pending authority normalization.
BIB0102,مالکم ،سر جان ()۰۸۳۱تاریخ کامل ،ایران ترجمه میرزا اسماعیل حیرت ،تهران ،نشر افسون محبوبی ،ا,مالکم ،سر جان ()۰۸۳۱تاریخ کامل ،ایران ترجمه میرزا اسماعیل حیرت ،تهران ،نشر افسون محبوبی ،اردکانی ،حسین ( ،)٤٥٣١تاریخ مؤسسات تمدنی جدید در،ایران تهران انتشارات دانشگاه تهران مرسلوند ،حسن ()٤٧٣١زندگینامه رجال و مشاهیر ایران تهران الهام,,,bibliography_books,,Cataloged from pp. 189-198 of S0001; raw Persian entry retained pending authority normalization.
BIB0103,مستوفی ،عبدالله ( ،)۴۸۳۱شرح زندگانی من ،تهران ،نشر زوار مصدق ،محمد ( ،)٥٦۳۱خاطرات وتألمات ,مستوفی ،عبدالله ( ،)۴۸۳۱شرح زندگانی من ،تهران ،نشر زوار مصدق ،محمد ( ،)٥٦۳۱خاطرات وتألمات مصدق ،تهران ،نشر علمی,,,bibliography_books,,Cataloged from pp. 189-198 of S0001; raw Persian entry retained pending authority normalization.
BIB0104,مظفری ،جمشید ()۲۹۳۱اسناد همدان و ولایت ثلاث در دوره مشروطیت )ادوار دوم و سوم مجلس شورای مل,مظفری ،جمشید ()۲۹۳۱اسناد همدان و ولایت ثلاث در دوره مشروطیت )ادوار دوم و سوم مجلس شورای ملی ،تهران موزه و مرکز اسناد مجلس شورای اسلامی مکی ،حسین ()٣٦٣١تاریخ بیست ساله ایران تهران ،انتشارات علمی,,,bibliography_books,,Cataloged from pp. 189-198 of S0001; raw Persian entry retained pending authority normalization.
BIB0105,منجم یزدی ملاکمال (بی تا)تاریخ ،عباسی ،تهران ،بیجا,منجم یزدی ملاکمال (بی تا)تاریخ ،عباسی ،تهران ،بیجا,,,bibliography_books,,Cataloged from pp. 189-198 of S0001; raw Persian entry retained pending authority normalization.
BIB0106,منشی ،ترکمان اسکندربیگ ( ،)۲۸۳۱تاریخ عالمآرای عباسی تصحیح ایرج افشار ،تهران ،انتشارات امير,منشی ،ترکمان اسکندربیگ ( ،)۲۸۳۱تاریخ عالمآرای عباسی تصحیح ایرج افشار ،تهران ،انتشارات اميركبير. موسوی نامی اصفهانی محمد صادق ( ،)٦٦٣١تاریخگیتیگشا ،تهران ،اقبال,,,bibliography_books,,Cataloged from pp. 189-198 of S0001; raw Persian entry retained pending authority normalization.
BIB0107,،مؤمنی باقر ( ،)۹۵۳۱مسئله ارضی و جنگ طبقاتی درایران تهران ،انتشارات پیوند,،مؤمنی باقر ( ،)۹۵۳۱مسئله ارضی و جنگ طبقاتی درایران تهران ،انتشارات پیوند,,,bibliography_books,,Cataloged from pp. 189-198 of S0001; raw Persian entry retained pending authority normalization.
BIB0108,میرجعفری ،حسین ،)۰۹۳۱(.تاریخ تحولات ،سیاسی ،اجتماعی ،اقتصادی فرهنگی ایران در دوره تیموریان,میرجعفری ،حسین ،)۰۹۳۱(.تاریخ تحولات ،سیاسی ،اجتماعی ،اقتصادی فرهنگی ایران در دوره تیموریان و ترکمانان ،اصفهان ،سمت مینورسکی ولادیمیر ()٤٣٣١سازمان اداری حکومت صفوی ترجمه مسعود رجب نیا ،تهران ،انجمن . كتاب,,,bibliography_books,,Cataloged from pp. 189-198 of S0001; raw Persian entry retained pending authority normalization.
BIB0109,نائینی ،محمد جعفر ( ،)۳۵۳۱جامع جعفری ،مصحح ،ایرج افشار ،تهران ،نشر آثار ملی,نائینی ،محمد جعفر ( ،)۳۵۳۱جامع جعفری ،مصحح ،ایرج افشار ،تهران ،نشر آثار ملی,,,bibliography_books,,Cataloged from pp. 189-198 of S0001; raw Persian entry retained pending authority normalization.
BIB0110,نصیری ،محمد ابراهیم)۳۷۳۱(.دستور شهریاران مصحح محمد نادر نصیری مقدم ،تهران ،بنیاد موقوفات د,نصیری ،محمد ابراهیم)۳۷۳۱(.دستور شهریاران مصحح محمد نادر نصیری مقدم ،تهران ،بنیاد موقوفات دکتر محمود افشار,,,bibliography_books,,Cataloged from pp. 189-198 of S0001; raw Persian entry retained pending authority normalization.
BIB0111,نوایی ،عبدالحسین ( ،)۵۳۵۲دولتهای ایران ازآغاز مشروطیت تا اولتیماتوم ،تهران ،انتشارات بابک,نوایی ،عبدالحسین ( ،)۵۳۵۲دولتهای ایران ازآغاز مشروطیت تا اولتیماتوم ،تهران ،انتشارات بابک,,,bibliography_books,,Cataloged from pp. 189-198 of S0001; raw Persian entry retained pending authority normalization.
BIB0112,نوری ،محمدتقى ،)۶۸۳۱(.اشرف التواریخ مصحح سوسن ،اصیلی ،تهران ،میراث مکتوب واتسن ،رابرت گرنت,نوری ،محمدتقى ،)۶۸۳۱(.اشرف التواریخ مصحح سوسن ،اصیلی ،تهران ،میراث مکتوب واتسن ،رابرت گرنت ()٨٤٣١تاریخ ایران دوره قاجار ،ترجمه وحید ،مازندرانی ،تهران ،انتشارات امیر کبیر.,,,bibliography_books,,Cataloged from pp. 189-198 of S0001; raw Persian entry retained pending authority normalization.
BIB0113,واصفی ،زین الدین محمود ()۹۴۳۱بدائع الوقائع مصحح الکساندر بلدروف ،تهران ،بنیاد فرهنگ ایران.,واصفی ،زین الدین محمود ()۹۴۳۱بدائع الوقائع مصحح الکساندر بلدروف ،تهران ،بنیاد فرهنگ ایران.,,,bibliography_books,,Cataloged from pp. 189-198 of S0001; raw Persian entry retained pending authority normalization.
BIB0114,والیزاده معجزی ،محمدرضا ( ،)۲۸۳۱تاریخ لرستان روزگار ،پهلوی مصحح حسين و محمد واليزاده ،معجز,والیزاده معجزی ،محمدرضا ( ،)۲۸۳۱تاریخ لرستان روزگار ،پهلوی مصحح حسين و محمد واليزاده ،معجزی ،تهران ،انتشارات حروفیه,,,bibliography_books,,Cataloged from pp. 189-198 of S0001; raw Persian entry retained pending authority normalization.
BIB0115,والیزاده معجزی ،محمدرضا ( ،)۰۸۳۱تاریخ لرستان روزگار قاجار مصحح حسين و محمد والیزاده ،معجزی,والیزاده معجزی ،محمدرضا ( ،)۰۸۳۱تاریخ لرستان روزگار قاجار مصحح حسين و محمد والیزاده ،معجزی ،تهران ،انتشارات حروفیه وثوقی ،منصور)٦٦٣١(.جامعهشناسی روستایی ،تهران ،انتشارات کیهان,,,bibliography_books,,Cataloged from pp. 189-198 of S0001; raw Persian entry retained pending authority normalization.
BIB0116,هدایت ،رضاقلی خان ( ،)۷۸۳۱روضةالصفای ناصری ،مصحح جمشید کیانفر ،تهران ،انتشارات دانشگاه تهر,هدایت ،رضاقلی خان ( ،)۷۸۳۱روضةالصفای ناصری ،مصحح جمشید کیانفر ،تهران ،انتشارات دانشگاه تهران,,,bibliography_books,,Cataloged from pp. 189-198 of S0001; raw Persian entry retained pending authority normalization.
BIB0117,هدایت ،رضاقلی خان ()۳۷۳۱فهرس التواريخ مصحح عبدالحسین نوایی و میرهاشم محدث ،تهران پژوهشگاه ,هدایت ،رضاقلی خان ()۳۷۳۱فهرس التواريخ مصحح عبدالحسین نوایی و میرهاشم محدث ،تهران پژوهشگاه علوم انسانی و مطالعات فرهنگی,,,bibliography_books,,Cataloged from pp. 189-198 of S0001; raw Persian entry retained pending authority normalization.
BIB0118,هدایت مخبر السلطنه مهدی قلی خان ( ،)۵۸۳۱خاطرات و خطرات ،تهران ،نشر زوار,هدایت مخبر السلطنه مهدی قلی خان ( ،)۵۸۳۱خاطرات و خطرات ،تهران ،نشر زوار,,,bibliography_books,,Cataloged from pp. 189-198 of S0001; raw Persian entry retained pending authority normalization.
BIB0119,هیئت ،جواد ()۰۸۳۱سیری در تاریخ زبان و لهجههای ترکی ،تهران ،نشر پیکان,هیئت ،جواد ()۰۸۳۱سیری در تاریخ زبان و لهجههای ترکی ،تهران ،نشر پیکان,,,bibliography_books,,Cataloged from pp. 189-198 of S0001; raw Persian entry retained pending authority normalization.
BIB0120,یغمایی ،اقبال (گردآورنده)( ،)۷۳۵۲شهید آزادی سید جمال واعظ ،اصفهانی ،مصحح اقبال یغمایی ،تهر,یغمایی ،اقبال (گردآورنده)( ،)۷۳۵۲شهید آزادی سید جمال واعظ ،اصفهانی ،مصحح اقبال یغمایی ،تهران، نشر توس.,,,bibliography_books,,Cataloged from pp. 189-198 of S0001; raw Persian entry retained pending authority normalization.
BIB0121,آرشیو سازمان اسناد ملی ،ایران شماره سند ۵۱۳۱۰۰/۶۹۲,آرشیو سازمان اسناد ملی ،ایران شماره سند ۵۱۳۱۰۰/۶۹۲,,,bibliography_documents,,Cataloged from pp. 189-198 of S0001; raw Persian entry retained pending authority normalization.
BIB0122,آرشیو سازمان اسناد ملی ،ایران شماره سند ۵۰۳۱۰۰۷۹۲,آرشیو سازمان اسناد ملی ،ایران شماره سند ۵۰۳۱۰۰۷۹۲,,,bibliography_documents,,Cataloged from pp. 189-198 of S0001; raw Persian entry retained pending authority normalization.
BIB0123,آرشیو سازمان اسناد ملی ،ایران شماره سند ۳۵۳۱۰۰/۶۹۲,آرشیو سازمان اسناد ملی ،ایران شماره سند ۳۵۳۱۰۰/۶۹۲,,,bibliography_documents,,Cataloged from pp. 189-198 of S0001; raw Persian entry retained pending authority normalization.
BIB0124,آرشیو سازمان اسناد ملی ،ایران شماره سند ٦٦۱۸۲/۹۹۹ اذکایی قراگوزلو ،پرویز ()٦٦٣١قراگوزلوهای,آرشیو سازمان اسناد ملی ،ایران شماره سند ٦٦۱۸۲/۹۹۹ اذکایی قراگوزلو ،پرویز ()٦٦٣١قراگوزلوهای همدان ،مجله ،آینده سال سیزدهم ،ش ٤و ٥ اذکایی قراگوزلو ،پرویز )٦٦٣١(،قراگوزلوهای همدان بهره)(یکم خاندان ناصرالملک بهاری» ،مجله آینده ،سال سیزدهم ش ۸تا ۲۱,,,bibliography_documents,,Cataloged from pp. 189-198 of S0001; raw Persian entry retained pending authority normalization.
BIB0125,اذکایی قراگوزلو ،پرویز ()۷۶۳۱قراگوزلوهای همدان خاندان امیر افخم شروینی (بخش سوم) مجلهآینده,اذکایی قراگوزلو ،پرویز ()۷۶۳۱قراگوزلوهای همدان خاندان امیر افخم شروینی (بخش سوم) مجلهآینده ،سال چهاردهم ش٥تا٦,,,bibliography_articles,,Cataloged from pp. 189-198 of S0001; raw Persian entry retained pending authority normalization.
BIB0126,اذکایی قراگوزلو ،پرویز ()۷۶۳۱قراگوزلوهای همدان بخش سوم خاندان بهاء الملک آبشینی (بخش پایان,اذکایی قراگوزلو ،پرویز ()۷۶۳۱قراگوزلوهای همدان بخش سوم خاندان بهاء الملک آبشینی (بخش پایانی)» ،مجلهآینده ،سال چهاردهم ش ۹تا ۲۱,,,bibliography_articles,,Cataloged from pp. 189-198 of S0001; raw Persian entry retained pending authority normalization.
BIB0127,اذکایی قراگوزلو ،پرویز ()۳۶۳۱داستان جمهوری ،همدان ،مجله آینده ش ،۲۱سال ۰۱ اذکایی قراگوزلو ,اذکایی قراگوزلو ،پرویز ()۳۶۳۱داستان جمهوری ،همدان ،مجله آینده ش ،۲۱سال ۰۱ اذکایی قراگوزلو ،پرویز ( ،)٦٥٣١حاج شيخ تقى وکیل الرعایا ،مجله آینده شماره ۷و ۸سال ۲۱,,,bibliography_articles,,Cataloged from pp. 189-198 of S0001; raw Persian entry retained pending authority normalization.
BIB0128,اذکایی قراگوزلو ،پرویز « ،)۱۷۳۱(،فریدالدوله گلگون مجله آینده شماره های ۱-۱سال ۷۱ اذکایی قر,اذکایی قراگوزلو ،پرویز « ،)۱۷۳۱(،فریدالدوله گلگون مجله آینده شماره های ۱-۱سال ۷۱ اذکایی قراگوزلو ،پرویز ()٤٧٣١مهار و بهاری مجله فرهنگ همدان شماره ،۴سال ۱,,,bibliography_articles,,Cataloged from pp. 189-198 of S0001; raw Persian entry retained pending authority normalization.
BIB0129,فرمند ،هوشنگ (« ،)۸۶۳۱توضیحاتی درباره مقاله خاندان قراگوزلوی ،همدان» ،مجله آینده ،سال پانز,فرمند ،هوشنگ (« ،)۸۶۳۱توضیحاتی درباره مقاله خاندان قراگوزلوی ،همدان» ،مجله آینده ،سال پانزدهم ،ش۱تا ۹,,,bibliography_articles,,Cataloged from pp. 189-198 of S0001; raw Persian entry retained pending authority normalization.
S0002,Family testimony — Hossein Gholi Amiri Gharagozloo,Direct family testimony supplied by Hossein Gholi Amiri Gharagozloo for the Gharagozloo Historical Archive,Hossein Gholi Amiri Gharagozloo,2026,family testimony,,Primary family-source record for the modern Amiri Gharagozloo branch. Living-person details are intentionally limited to names and immediate relationships.
